text;aspek;sentimen
Senang sekali sama pelayanan hotelnya dan di manjakan sama viewnya..;kenyamanan;positif
View aja bagus, yg lain biasa Pelayanan lama,;kenyamanan;positif
Mantap hotel nya ini bener bener worth it nginep disini;umum;positif
Pelayanan OK, makanan enak, view bagus;kenyamanan;positif
Kondisi kamar cukup bersih. ;fasilitas;positif
Hotel Syariah, terletak di pusat kota Luwuk. Mudah akses ke tempat2 umum. ;transportasi;positif
fasilitas kamar mantap semua;fasilitas;positif
U/ keseluruhan baik dari Pelayanan, fasilitasnya mantap semua.. Dan terima kasih buat Swiss-Bell Luwuk atas Suprisenya u/ ultah anak sy.. Terbaik dah pkoknya..  ;kenyamanan;positif
Hal paling penting, keamanan dan kunci pintu kamar bagian dalamnya rusak. Dan tidak bisa diperbaiki hingga besok.;keamanan;negatif
Hotelnya bagus, pemandangan bagus. Lokasi di perbukitan Kota Luwuk sehingga dapat pemandangan laut/Teluk Luwuk. Sekitar hotel ini ada berbagai perkantoran Kabupaten Banggai, termasuk Kantor Bupati dan Polres Banggai. ;umum;positif
Hotel Estrella Hotel yang nyaman dan tenang di kota Luwuk Berdesign seperti Resort yang cukup lengkap fasilitasnya;kenyamanan;positif
Suasana hotel ya enak, cocok utk honeymoon;kenyamanan;positif
kamar bersih;fasilitas;positif
nyaman, servis ok;kenyamanan;positif
Tingkat ke amanan dan lahan parkiran kendaraan masih belum sesuai harapan,  tanpa pagar pengaman, juga lahan parkiran yang sempit;keamanan;negatif
Hotel yg cocok untuk santai bersama keluarga;kenyamanan;positif
Utk makanan dan menu sarapan b saja.;umum;negatif
Kamarnya cukup bersih;fasilitas;positif
Lokasinya cocok untuk yang suka keheningan, jauh dari kota. ;kenyamanan;positif
kamar mandi basah sewaktu masuk kamar, ;fasilitas;negatif
Pelayanan ngak bagus jauh dr standar hotel ,makan pagi jam 9 sdh hampir habis semua tdk ada staff kitchen, bubiur ketan hitam apek sptnya bahannya sdh tdk layak, kamar 208;umum;negatif
kamar lumayan besar dan bersih, ;fasilitas;positif
sarapannya juga enak dan variatif staffnya sangat gercep  ;umum;positif
Bagus sejuk air nya jernih ;umum;positif
Sangat rekomendasi dengan harga terjangkau;biaya;positif
Pertama kali ke Luwuk awalnya bingung mau menginap dimana, lalu dpt referensi dr temen ke Hotel Swiss-Bellinn Luwuk. ;umum;positif
harga juga masih terjangkau ;biaya;positif
layanan sangat baik, dengan view yg bagus ,apalagi ada kolam renangnya, makanannya juga enak;umum;positif
bersih, villanya wangiii, ;fasilitas;positif
best hotel in luwuk, semuanya keren, tempat tidur luas, kolam renang villa jg bersih, ada microwave dan peralatan makan lengkap;umum;positif
Lokasi cukup bagus karena terletak di ketinggian, bisa lihat view laut, cuma dipinggir kota,;umum;positif
View nya sangat bagus , ada kolam renangnya juga ,sarapannya juga enak ,kamar tidur nya juga sangat nyaman;positif;kenyamanan
untuk pelayannya sangat bagus dan fasilitas hotel jga bgus;umum;positif
viewnya sngat baguss;umum;positif
aesthetic bgt, nyaman juga keren deh bikin tenang kalo lagi healing apalagi ngajak temen seru bgt!!;kenyamanan;positif
"Mohon ditingkatkan kualitas pelayanannya ya. Tidak ada tlp dari Recep ,hk main bersihin kamar , padahal blm jam co masih jam 9/10 pagi, saya tanya hk di jawab udh harus nya di bersihin buat siap"" bakal ada ";umum;negatif
Bagus sekali, pemandangan saat breakfast di lantai 5 bagus sekali. Makanan breakfastnya enak dan banyak pilihan. Ada makanan tradisionalnya juga salanggar enak;umum;positif
kamaar bersih;fasilitas;positif
Hoteeel terbaik,, pelayanan paling baguus, dan nyaman skalii..  Semogaa rezeki lancar lagi jadi bisaa nginaaap;kenyamanan;positif
Hotel paling bagus dan recommended buat weekend dan kumpul dengan keluarga dan untuk pelayanan dan pemandangannya sangat bagus dan untuk makanannya sangat enak sekali;umum;positif
lobby yg bersih;fasilitas;positif
Pelayanan yang sangat ramah, dan banyak ikonik kota luwuk dan pemandangan pantai kilo 5 yang sangat indah dari depan lobby;umum;positif
terbaik kamar nya,luas dan nyaman  berikut pingin nginap d sini lagi bersama keluarga.;kenyamanan;positif
kamar yg bersih;fasilitas;positif
Pelayanan sangat baik dan karyawannya ramah. Hotel yg sangat recomended diKota Luwuk. View yg bagus,kamar yg bersih.;umum;positif
"Hotel yang sangaat baik, terbersih dan viu yang sangaat indah, Karyawan nya ramah"" ";fasilitas;positif
Makanan dan pelayananya sangat memuaskan  Terima kasih hotel santika luwuk;umum;positif
Pelayanan ramah dan menyenagkan menu sarapan paginya juga sangat enak;kenyamanan;positif
Hotel santika adalah hotel yang bagus dan karyawannya sangat ramah2 makanan enak..;umum;positif
Pengalaman berakhir pekan di hotel ini adalah yang terbaik dikota berair Luwuk;umum;positif
Salah satu hotel terbaik yang pernah saya lihat di Kota Luwuk;umum;positif
Tempatnya nyaman dan sarapan paginya enak enak, recommended;kenyamanan;positif
Cocok buat transit, lokasinya dekat dengan bandara;transportasi;positif
Orientasi dan Pembekalan caleg partai NasDem kab. Banggai;umum;positif
Saya memesan via tripadvisor dengan perbandingan harga yang lumayan banget, hehehe ;biaya;positif
pengalaman menginap disini, istimewa. Room nya super duper nyaman, View nya sangat bagus. Pelayanan sangat baik, stafnya ramah. Menu makanan yang dihidangkan ;umum;positif
Pelayanan istimewa. Viewnya keren banget apalagi sambil menikmati senja di lantai atas. Lokasinya juga sangat strategis, dekat dengan pusat kota. Pelayanan yang baik dari kakak-kakak staff yang ramah, sangat berkesan. ;kenyamanan;positif
Kemarin berkunjung ke hotel ini dilayani dengan bagus banget ramah dan profesional , view nya juga masya allah sekali , yang mau liburan coba in deh nginep di hotel ini;kenyamanan;positif
Bagus banget ada kolam renang nya juga hotelnya keren. Puas banget nginap disini pelayanannya juga bagus banget. Viewnya bagus banget cocok buat yang mau healing atau nginap bareng keluarga ;umum;positif
Kamar bersih,;fasilitas;positif
Hotel dengan pemandangan yg bagus, lokasi nyaman, tenang.  service sangat memuaskan. Terima kasih untuk seluruh manajemen dan staff, kalo berkunjung ke luwuk pasti akan nginap disini lagi.;kenyamanan;positif
Salah satu hotel dengan view yg bagus dan lokasi yg strategis.  Pelayanannya sangat memuaskan, stafx yg ramah dan sopan  ;umum;positif
Hotelnya bagus dan bersih terlihat, pemandangannya pun bagus banget,,,semoga kelak bisa kesana menikamati keindahan dan hospitality Swiss bell inn Luwuk;fasilitas;positif
Memang tepat banget kalo nginep di hotel Swiss belin ini, suasana nya tenang sejuk. Hotel nya bersih banget, kamar nyaman dengan View yang mempesona.;fasilitas;positif
Nyaman banget beristirahat disini, pelayanan nya juga bagus, tempat ny bersih, dan suasana nya sejuk, tenang rekomendasi untuk merefresh badan  ;umum;positif
"Pelayananannya memuaskan, untuk viewnya juga bagus banget. Fasilitas memadai, ada SPAnya juga staffnya juga ramah bangets &lt;3";umum;positif
Sangat memuaskan..... Pelayanan nya okee Begitupun hotelnya..... Ga rugi ngasih bintang 5;umum;positif
Kamarnya bersih, pelayanannya baik, tidak ada keluhan sama sekali. Mau banget balik lagi kesini;fasilitas;positif
Recommended nih, view yang oke punya, pelayanan ramah, fasilitas memadai. Hotel terbaik, dan terbaik ;umum;positif
Mantap berkualitas banget nih hotel, tempat nya bersih juga  pokonya top deh  ;fasilitas;positif
Bagus banget buat honeymoon, liburan keluarga, viewnya keren banget apa lagi kalau malam, the best pokoknya ;umum;positif
staycation yg sangat menyenangkan ..Happy bisa nginap di hotel Swiss bellin luwuk...next time boleh menginap lg;umum;positif
Dikasih tau temen tentang hotel ini katanya worth it, ternyata benar benar memuaskan;umum;positif
Tempat nya bagus, bersih dan nyaman. View nya bener-bener wahh bagus banget. Recommended deh ;kenyamanan;positif
Hotel yg sangat indah dengan pmandangan yg sangat memukau..pelayanan yg sangat baikk..untuk lokasi sangat sangat okee...trimakasih swiss belinn..;umum;positif
Suasananya tenang banget , kesan pertama datang kesini terlihat elegan banget hotel nya;umum;positif
Suasana ny yg sangat memukau, pokok nya bikin betah nginap disini;kenyamanan;positif
Kamarnya bersih staff nya juga ramah semua. Recommended pokoknya ni hotel ;fasilitas;positif
Hotelnya bagus banget, Secara keseluruhan dari Pelayanan, Kamar, dan Kenyamannya bener bener mantap;kenyamanan;positif
Fasilitas lengkap harga juga terjangkau,worth it lah kalo mau nginap disini;biaya;positif
Pemandangan nya aesthetic banget nih hotel kalau malam hari Benar benar memanjakan mata;umum;positif
Hotel berkelas banget keren fasilitas nya lengkap pelayanan juga sangat menyenangkan;umum;positif
Tadi datang kesini siang hari ,dilayani dengan baik banget dijelasin juga tentang detail hotel nya;umum;positif
Bagus hotel nya keren banget ada tempat bersantai nya di pinggir kolam;umum;positif
Lokasi sangat tepat.. terletak di pegunungan sehingga bisa melihat pemandangan kota luwuk yang sangat indah;umum;positif
Mantap puoll pokoknya  ada kolam renang nya, banyak tumbuhan juga segerr ;umum;positif
Kalo liburan ke luwuk wajib sih nginap nya disini, dijamin memuaskan banget;umum;positif
Recomended banget buat yang cari penginapan di sekitar Luwuk, hotel ini pilihan yg tepat;umum;positif
Untuk pelayanannya Good, Kamar bersih dan wangi , viewnya Good, makanannya enak;umum;positif
Suasana hotel nya pas malem tenang banget pemandangan nya juga enak di pandang;umum;positif
Bagus nih hotel nya worth it banget nginep disini keren view nya juga;umum;positif
Letak hotel nya strategis mudah dicari saat butuh tempat nginap;umum;positif
Hotel nya keren banget tanaman nya juga banyak bikin tambah sejuk dan indah dilihat;umum;positif
Hotel nya bagus banget keren, aesthetic fasilitas nya juga lengkap mantap;umum;positif
Lokasi nya dekat sama kota pas malem hari juga sangat aestetic banget pemandangan nyaa;umum;positif
Best banget hotel nya sih harga juga ramah di kantong memuaskan;biaya;positif
Staff nya ramah ramah sopan juga sama orang tua sih, hotelnya bagus;umum;positif
Hotel nya bagus banget keren fasilitas lengkap ada kolam renang nya juga;umum;positif
Hotel nya bagus banget suassnya nyamann dan tenang saat malam;kenyamanan;positif
Lokasi bagus banget sih tempat nya keren banyak tanaman nya bikin sejuk;umum;positif
Bagus hotel nya cocok banget nginep disini kalo liburan ke luwuk;umum;positif
Bagus hotelnya recomend banget sih staff nya ramah sopan ;umum;positif
Suasananya enak banget ,suara ombak pantai juga menambah mood saat nyantai;kenyamanan;positif
Tempat nya bagus dan nyaman udah sering ke sini pelayanan nya juga oke bgt rekomend pokoknya ;umum;positif
Keren view nya enak dilihat mata sih langit nya juga terang pas malem hari;umum;positif
Hotel nya emang terbaik nih , berkualitas pelayanan nya okee;umum;positif
Keren hotelnya pelayanan nya memuaskan banget sopan cekatan;umum;positif
Hotel nya memuaskan banget, bener bener hotel yang worth it;umum;positif
Pemandangannya bagus buat selfiee trus jga staffnya ngelayanin dengan cekatan profesional;umum;positif
Keren hotelnya berkualitas banget, dari segi pelayanan juga okee;umum;positif
Lokasinya pas dekat jalan raya, tempat nya juga bersih adem fasilitas lengkap;fasilitas;positif
Bagus banget hotel nya ini berkualitas polll harga juga terjangkau;biaya;positif
Bener bener rekomendasi banget sih ini hotel nya mewah dan berkelas;umum;positif
Salah satu hotel terbaik di Luwuk, pelayanan prima suasana sunyi;umum;positif
Keren banget hotel nya memuaskan dari segi pelayanan nya juga ramah;umum;positif
Bagus sih malem hari pencahayaan nya juga terang gitu aestetic hotelnya;umum;positif
bagus banget hotel nya di layani dengan sopan profesional sekali;umum;positif
Hotel nya bagus banget fasilitas nya okee dilengkapi kolam renang juga;umum;positif
Salah satu hotel yang recommended banget di Luwuk menurut saya ,mantap;umum;positif
Worth it banget nginep disini bener bener memuaskan tempat nya.;umum;positif
Pilihan staycation terbaik disini ,dijamin puas view nya bagus;umum;positif
Bagus kualitas hotelnya okee banget sih bener bener recommended;umum;positif
Kolam renang nya bersih, keren nih hotel nya bener bener fasilitas nya banyak;fasilitas;positif
Hotel yang nyaman, setiap ada urusan ke Luwuk seringnya nginap di sini. Sejuk, bisa lihat view laut, fasilitas lengkap kecuali lift, jadi kalau kamar dilantai atas harus nenteng koper naik tangga ;umum;positif
Klinik polkes 13.10.03 /LB;umum;netral
Infonya dong music instrumental tema Sunda yang suka diputar di hotel ini.;umum;positif
Bagus pelayanannya;umum;positif
Saya sangat terkesan dengan layanan hotel kota luwuk, customer service nya ramah, menjelaskan secara detil ttg layanan hotel syariah ini, tapi yg paling menarik adalah hotel ini sangat bersih, di kamar bisa tidur dengan sangat nyaman, ;fasilitas;positif
Malam ini menginap di hotel kota Kabupaten Banggai Luwuk, pada Ahad 10 September 2023, sebelum bertolak menuju kabupaten morowali dan morowali utara provinsi Sulawesi Tengah;umum;netral
Mantap;umum;positif
The room was spacious, clean, and beautifully decorated with modern amenities. The bed was incredibly comfortable, ensuring a restful night's sleep. The hotel's location was perfect, with easy access to local attractions and dining options. ;umum;positif
Hotel bersih;fasilitas;positif
Hotel, nyaman dan pemandangan yang  sangat bagus. Pelayanan oke,  sarapannya juga enak dan banyak pilihan menunya. Mantaplah pokoknya nginap di hotel ini. Nice place and nice view  ;umum;positif
Hotel nya bersih banget,;fasilitas;positif
 kamar nyaman dengan View yang mempesona. nanti akan kesana lagi bareng keluarga;umum;positif
Sarapannya enak, banyak variasi dan berbeda setiap hari. Kamar nyaman, luas dan bersih, Viewnya luar biasa;umum;positif
Bagus banget kamarnya, senyaman itu semoga ada waktu berkunjung kembali :);kenyamanan;positif
Kamar nyaman dan rapih, sarapan sudah oke, namun untuk makanan yang berkuah kebetulan asin waktu sy sarapan;kenyamanan;positif
"Kamar bersih nyaman, Pelayanan nya sangat memuaskan.. Terima kasih untuk pelayanan nya Mas Fandi &amp; ibu Yuni..";umum;positif
menginap di swissbel bersama keluarga sangat puas dan menyenangkan. hotelnya sangat bagus dengan pemandangan laut.;umum;positif
Rekomendasi pokoknya yg mau nginap bisa langsung ke hotel Swiss pelayanannya bagus  ;umum;positif
Tempat yang bagus,, nice view, cocok dijadikann referensi sbg tempat stay jika liburan ke luwuk;umum;positif
Kamarnya bersih, sangat nyaman, dan stafnya luar biasa ramah. Lokasi yg strategis dkt bandara Harganya yang sangat terjangkau, fasilitasnya juga lengkap, View laut nya sangat indah cantik bgt, Sangat recomend bgttt buat staycation disini;kenyamanan;positif
Membutuhkan tenaga lebih klo memilih kamar yg lokasi nya paling bawah (premier) terutama kalau tidak bawa kendaraan krn harus menaiki tangga yg lumayan menanjak..;transportasi;negatif
Hotel yang secara keseluruhan bagus, kamarnya bersih, layanannya juga bagus.;umum;positif
Lokasi daerah karaton dan utk pelayanan sebenarnya baik tp kurang berkenan ketika kami sarapan pelayannya memperlihatkan sikap yg sangat membuat kami tidak berkenan, seolah kami org yang menginap scra gratis.;umum;negatif
Memuaskan kamar bersih pelayanan baik;umum;positif
hotel yg bersih;fasilitas;positif
Hotel yg nyaman;kenyamanan;positif
Kamar mandi PERLU RAJIN DIBERSIHKAN Penjaga harus lebih ramah dan murah senyum;fasilitas;negatif
Penginapan yg recomended kalau ke luwuk,tempatnya bersih,nyaman,aman,di tambah kasirnya baik sekali;umum;positif
kamar rapih bersih;fasilitas;positif
cuma beberapa fasilitas sepertinya dikurangi seperti sabun dan shampo tidak disediakan, tissue dimeja tidak disediakan, AC di Lift tidak dingin dan selaras ruangan kamar juga panas apalagi dilantai 3 berbau masakan. ;umum;negatif
12-13 Agustus 2023 i was here, Hotel berada di puncak bukit dengan view lautan dan lampu kota ketika tengah malam.;umum;netral
Suasana sangat bagus. Pun dengan pemandangan dari hotelnya;umum;positif
Pelayanan yg ramah dan fasilitas kamar yg bersih;fasilitas;positif
Salah satu hotel bagus di Luwuk, Sulawesi Tengah, dengan perpaduan pemandangan laut dan kota. Mantaplah.;umum;positif
Kamarnya bersih dan nyaman;umum;positif
Maps sangat membantu menemukan lokasi;transportasi;positif
Kece parah view-nya;umum;positif
Hotel syar'i pertama di Kota Luwuk. Bersih, Aman dan tempat yang strategis;umum;positif
Saya baru saja menghabiskan akhir pekan yang luar biasa di Hotel swissbell dan saya benar-benar terkesan dengan pengalaman saya. Mulai dari pelayanan yang ramah dan profesional hingga fasilitas yang lengkap, semuanya membuat saya merasa ;umum;positif
Salah satu hotel rekomended bila berkunjung ke Kota Luwuk, Banggai, Sulawesi Tengah. Lokasinya yang strategis dengan pemandangan teluk sangat memukau. Pelayanan dan fasilitas juga lengkap sesuai dengan harganya. Cocok untuk liburan ;umum;positif
Lokasi cukup bagus karena terletak di ketinggian, bisa lihat view laut, cuma dipinggir kota, kamarnya tidak menghadap laut semua;umum;positif
Tenang, bersih, kamar luas dan pemandangan nomor satu bagusnya.. Kolam renang, air panas lancar, TV dikit sih siarannya.. ;umum;positif
Pelayanan nya sangat memuaskan, staf dan baik dan Ramah, terimakasih Ibu Amelia untuk pelayanan yg baik dari jauh senyum menrima kami sangat membuat saya sangat merasakan sangat istimewa dan dilayani dengan baik...  terimakasih juga untuk semua staff ;umum;positif
Swisbel luwuk hotel yg indah bersih dan nyaman pelayanannya juga sangat sangat bagus dan memuaskan saya sangat senang dengan pelayanannya dan suasana di sekitarnya ;umum;positif
"Nyaman komplite pegawainya santun,viu nya bagus kamar nya besar makanya enak""  ";umum;positif
Kamar nya bersih dan para pegawainya baik dan ramah thanks you swiss belin luwuk ;umum;positif
Walaupun lokasi agak jauh dr pusat kota namun fasilitas oke, pemandangan indah sekali pelayanannya bagus, ramah dan bisa untuk late check out.;umum;positif
Pemandangan pinggir laut yang sangat bagus,cuma AC kamar agak panas, overall recommended;umum;positif
I was here for a family vacation and  it was soooooo pretty and we where very close together i was on number 528 my uncle number 526 and grandpa and grandma 522 ;umum;positif
Hunian nyaman, makanan enak, pelayanan baik dan ramah, next bisa dicoba lagi dilain kesempatan;umum;positif
Hotel yg nyaman, makanan nya jg enak,staff nya jg baik;umum;positif
Nyaman, tenang, pelayanan bagus, cocok buat staycation;kenyamanan;positif
It was one of the best hotel in luwuk!;umum;positif
Bagus;umum;positif
Tempat yang bagus dan penjaga yang ramah;umum;positif
terima kasih ;umum;positif
Lokasi dekat dengan bandara , akses ke hotel kalau jalan kaki dekat dengan pantai km5. Kamar bersih , tp sayang untuk wc pembuangan airnya agak mampet. Breakfast kurang beranekaragam. ;umum;positif
Hotel Santika ini hotel yang berada hampir di puncak bukit halimun kota Luwuk Banggai. Para pengunjung hotel dapat menikmati keindahan view laut kota Luwuk yang mempesona. Hotel ini dilengkapi fasilitas gym yg cukup lengkap, makanan dan ;umum;positif
Akses terdekat dengan bandara. View lansekap pantai dan kota luwuk yang indah. Makanannya banyak pilihan dan enak. Kamarnya luas. Bersih. Pelayananannya bagus. Support wifinya sangat membantu. Fasilitas tambahan seperti pool nya ok;umum;positif
Bayar Loundry 2 kali.  Saat ambil loundry sdh dibayar, eh pas Mau cek out reseptionis lain minta bayaran lagi, katanya belum bayar.;umum;negatif
Hotel terbaik yang ada di kota Luwuk, mudah dijangkau, terletak dipusat kota, aman dan nyaman;umum;positif
Hotel terbaik se kota Luwuk  ;umum;positif
Salah satu hotel terbaik di luwuk banggai, Viewnya menghadap sunrise mantap jiwa. Makanan lumayan enak, fasilitas lengkap kolam renang berasa pribadi, Parkiran kurang luas. ;umum;positif
best hotel in luwuk, semuanya keren, villanya wangiii, bersih, tempat tidur luas, kolam renang villa jg bersih, ada microwave dan peralatan makan lengkap. Staff FO sih yg juara, semuanya ramah, apalagi mr fandy tuela, yg tiap kali kt nginep ;umum;positif
Pemandangan indah makanan enak kamar bersi Pelayanan nya sangat memuaskan,  Staf yg ramah dan sopan;umum;positif
Tempat yang nyaman buat liburan dan pemandangnya kalau di malam hari sngat cantik sekaliiii melihat terangnya kota luwuk..;kenyamanan;positif
Baru pertama kali stay di sini, walaupun cuma semalem aja tp suka sama hospitality nya di lobi walopun proses check in saya agak lama krna hrs nunggu room nya ready. Lalu utk pelayanan laundrynya, waktu itu merasa agak kaget ya, karna baru ;umum;positif
Lobby hotel cukup oke, tapi kamar harus di renov dan ac sampe kuning + ac lama sehingga harus bangt diganti. Jadi kasi bintang 3 aja soalnya masih banyak yg harus di perbaharui.;umum;netral
Hotel yang saya rekomendasi untuk stayvacation di kota Luwuk. View ke kota sangat bagus, lokasi prestisius.. fasilitas gym, spa, kolam renang yg bersih.. saya kemarin menginap disini kamar 219, yang saya rasakan cukup nyaman untuk ;umum;positif
Alhamdulillah masih worth it dengan harga yg dibayarkan. Tempat tergolong nyaman untuk stay cation, namun kamar saya te bangun ditengah malam karena bunyi dengung dari lemari pendingin sangat menggangu. Kamar tergolong bersih namun beberapa ;umum;positif
Hotel yang nyaman dan strategis,kamar nya sangat bersih,luas dan best view. Sangat cocok untuk staycation dengan keluarga, karena memiliki banyak fasilitas dan lengkap. Lokasi nya dekat dengan bandara dan pusat kota luwuk. Menu breakfast juga enak dan banyak. Ada berbagai macam meeting room. Sangat recommended.;umum;positif
Salah satu hotel terbaik di kota luwuk, dari pelayanan sampai kenyamanan pasti didapatkan di tempat ini.;umum;positif
Tempatnya Bersih dan pelayanannya jg bagus ;umum;positif
Salah satu hotel terbaik di kota luwuk, sulawesi tengah. Pemandangannya oke banget view laut, kamarnya luas , sarapanya enak untuk harga sangat affordable  cocok untuk yang perjalanan business ataupun liburan bersama keluarga ;umum;positif
Sangat rekomendate sekali hotel Estrella;umum;positif
Asik nyaman buat bawa anak berlibur;umum;positif
Sangat senang dgn layanan nya;umum;positif
Bagus;umum;positif
Terlalu banyak aturan, airnya berwarna putih,;umum;negatif
One of the best hotel in this town, located uphill. From this hotel we can enjoy the sea view side. All menus are different every daily basis. Services are satisfied.;umum;positif
Saya check in sampai jam 16.00 masih belum siap kamarnya;umum;negatif
Pelayanannya memuaskan.. Makanannya enak;umum;positif
Pertama kali datang tahun 2018 di Luwuk, Hotel berbintang harga bersahabat, Akses lumayan baik berada dalam kota Luwuk, Dekat pelabuhan, taman RTH, mall dan warung makan,;umum;positif
Keren hotelnya. Bisa jadi rekomendasi untuk teman2 yg berkunjung ke luwuk sulteng.;umum;positif
Bersih, nyaman, harga terjangkau, dan berada di pusat kota ...;umum;positif
Next ke luwuk cmn mau ke hotel ini lagi;umum;positif
Tempat yang nyaman untuk liburan dan Suasana yang bagus, tempat recommended. Pelayanannya baik terimakasih mas Hardi telah membantu selama saya menginap smile face ;umum;positif
thank untuk semua pelayan nya selama saya menginap terima kasih juga Pak Fandy telah membantu kami mendpatkan tiket pesawat saya meras sangat puas dengan semua pelayanan yang terbaik...;umum;positif
Sayang nya tempat pemandangannya kurang balance dng lampu depan kamar yg infonya konslet ,trus pipa shower yg copot seperti tdk terpasang sempurna ...padahal yg tidur di kamar 8222 malam ini Ibu Jendral AL ...semoga kedepannya semua kamar lebih diperhatikan;umum;negatif
Pelayanan terbaik room meeting Bersih dan AC nya dingin, coffe break Dan kuenya Sangat enak apalagi banyak di sajikan;umum;positif
Nice view and liked the morning buffet, but lots of problems with the room: air conditioning not working properly and had to be fixed,  fridge not working and never fixed,  phone not working, problem with toilet which resulted in bathroom ;umum;negatif
Hotel nya luas Dan juga Besar Kamarnya super bersih dan juga rapih cocok untuk orang yang susah tidur, kolamnya bersih dan tidak ada sampah, saya rindu merindukan hotel ini saat liburan ke hotel ini ;fasilitas;positif
Salah satu hotel terbaik dluwuk hihi, slain kamarnya bersih terawat breakfastnya enak dn bnyak pilihan, fo nya ramah dan informatif apalagi yg namanya mba cici sangatt sabarr melayani tamu yg bnyak tanya ;umum;positif
"Pelayanannya oke, dari check in sampai check out mendapatkan pelayanan yg sangat ramah, baik terutama dari ""Mba Cici"" ,,,fast respon smua karyawan hotel saat dibutuhkan. Terimakasih banyak  ";umum;positif
Ini adalah Hotel Bintang atas yg ada di kota Luwuk.. Pelayanan sangat baik, fasilitas lengkap, tata ruangan yg strategis. Saya sangat berterimakasih kepada teman saya Cici Pricilia Paat yg telah merekomendasikan hotel ini;umum;positif
Salah satu hotel terbaik di kota luwuk sih, kamarnya luas dan harga sangat terjangkau . Sarapanya bervariasi dan enak enak juga fasilitas free antar jemput bandara. Semua staff sangat ramah dan helpfull. Good job ESTRELLA HOTEL;umum;positif
Pelayanan dari kariawannya sangat ramah dan santun,makananya juga enak enak apalagi masalah kamar ga usah ragu rapi fresh dan sangat bersih sangat bagus buat weekend bersama keluarga atau kerabat rekomended lah ;umum;positif
Terimakasih estrella, kesan pertama hotelnya bagus,bersih dan konsep hotelnya Aesthetic, kolam renang outdoor dan lumayan besar, area kolam renang bagus rapih dan indah, resto dan bar Bagus pokoknya'Jadi pengen Staycation lebih lama ;umum;positif
Kamar Bersih, Bagus, Viewnya Indah, Layanan Cepat, makanan Enak. Lokasi dekat dengan bandara dan Pusat Kota. Rekomendasi Untuk tempat menginap di kota luwuk;umum;positif
Tempat sangat strategis..dekat dgn bandara..few laut dapet banget .pelayanan ok ...;umum;positif
Tempatnya besar dan bagus ,makannya enak,dan banyak,pelayannya bagus dan cepat ,receptionis cantik dan ramah, Dan Salesnya Gercep ,terimakasih;umum;positif
pelayanan sangat baik, terutama makanan mantap sesuai selere saya dan keluarga. Estrella hotel the best  ;umum;positif
Hotel keren, nice view, suasana nyaman, tenang;umum;positif
Tempat nyaman,view luar biasa.pilihan menu breakfast sangat beragam;umum;positif
Pemandangan bagus, kamar luas dan bersih, makanan enak, service memuaskan;umum;positif
Kamarnya bersih, viewnya cantikkk, overall good ;umum;positif
Service was super bad. Had a meeting with clients here, and the service was poor. The staffs so unhelpful and didnt give any attention to the event that we held. Really disappointing!;umum;negatif
Hotel terbaik di luwuk view yg bagus dan makannya enak.;umum;positif
Makanan enak, Pemandangan bagus, Kamar bersih dan wangi;umum;positif
Hotel estrella  itu sejuk bersih dan pemandangan nya indah.;umum;positif
Layanan sangat bagus  Dan langsung di handle oleh mba cici ;umum;positif
Tempat nya nyaman dan pemandangan nya bagus  ;umum;positif
Hotel terbaik di kota Luwuk ! View yang indah !;umum;positif
view bagus, staff nya ramah;umum;positif
Excellend view, good food, warm;umum;positif
Cukup bersih dan wangi;fasilitas;positif
Murah meriah.. nyaman.. bersih;umum;positif
Standar tempat tidur sedang, kipas angin 90rb Kipas angin deluxe, TV, tempat tidur besar, kamar mandi seharga 150rb Vip, AC, TV, kamar tidur besar, kamar mandi seharga 200rb;umum;positif
Hotel yg bagus, bersih dan layanan nya luar biasa. Letak nya yg bagus dgn view kota Luwuk dan laut yg luar biasa indah... tidak mengecewakan.;umum;positif
Tempat nya nyaman dan view nya langsung pandang ke laut n bukit..jadi bisa memanjakan mata saya.;kenyamanan;positif
layanan, kamar bersih dan rapih  sarapannya uenak...pemandangan ke laut yang indah;umum;positif
Tempat favorit saya di Luwuk Pemandangan bagus Pelayanan memuaskan;umum;positif
View ke pantai bagus. Sarapan pagi/sahur juga enak;umum;positif
Staff hotelnya ada yg ramah,..;umum;positif
Salah satu hotel terbaik di kota Luwuk. Dekat dengan pantai kilo 5. Selama kami menginap di sini layanan kamar bagus dan bersih. Petugas juga ramah dan sigap. ;umum;positif
The hotel features modern, fully-appointed guestrooms with all the necessary amenities for a comfortable stay. I stayed in one of the Deluxe Rooms and it was spacious, clean, and well-equipped. The Family Suites and self-contained Villas ;umum;positif
Selimutnya kotor, water heaternya tidak berfungsi baik, di kamar ada tv tapi siarannya kabur;fasilitas;negatif
Baik, karyawannya ramah;umum;positif
The view is really good, but service doesn't supported, lift too small and sometimes get trouble, and i get little bit bad experience when the room services move my belongings to another room without permission.;umum;negatif
Nice room, affordable, fantastic view, good service.. all excellent;umum;positif
Clean and comfy rooms, breakfast with superb view.. Cannot ask for more I guess.. Experience it yourself..;kenyamanan;positif
Hotel yang bagus dengan manajemen syariah Bahkan ada mushola dan toilet umumnya cocok bagi yang rebutan toilet dikamar;umum;positif
Pelayanannya ramah, tempatnya nyaman rekomended pokoknya  ;umum;positif
nyaman dan lokasinya strategis di tengah kota, harga sewa kamarnya pun terjangkau.;umum;positif
Lom ada duanya Rekomended;umum;positif
Layanannya Maksimal, Lokasinya Strategis, dan fasilitasnya aman serta nyaman untuk para Traveller.;umum;positif
Hotel yg wajib di kunjungi klw ke Luwuk.;umum;positif
Lokasi jauh utk cari makan ataupun mini market. ;transportasi;negatif
Layanan lumayan bagus dan kamar juga oke. Tapi tidak ada smoking room.;umum;positif
Bersih, Nyaman dan ada shower air Panasnya..;umum;positif
Kamarnya bersih, rapi, tapi perlu diperhatikan untuk kasurnya. Soalnya agak gatal saat tidur. Kamar mandi perlu dibersihkan setiap saat, karena agak bau. Dan, sebaiknya dilakukan penyemprotan anti nyamuk.;fasilitas;negatif
Penginapan strategis karena berdekatan dengan pelabuhan rakyat dan mesjid, serta harga terjangkau;umum,biaya;positif
Tempatnya bikin nyaman dan harga terjangkau jg  ;kenyamanan,biaya;positif
Kamar sangat besar di nomor 23x. Sayangnya 3 lubang drainase nya kurang baik sehingga air tidak terserap dengan baik Dan menggenangi kamar mandi yang luas itu.;fasilitas;negatif
Good hotel with super nice staff, good breakfast and free transport to the airport. A good place to stay before flying from Luwuk airport.;umum;positif
Hotel syariah yang luar biasa lokasi ditengah kota dekat ke pusat pertokoan luwuk kamarnya nyaman dan bersih ac nya dingin sarapannya banyak macamnya dan eunak recomended hotel untuk keluarga maupun rekan bisinis;umum,kenyamanan,fasilitas;positif
Hotel syariah terbaik dikota luwuk dengan pelayanan baik recomended hotel;pelayanan;positif
Nyaman dan syari'ah  lokasi strategis ;kenyamanan,transportasi;positif
Layanan dan fasilitas sangat baik;umum;positif
Mengunjungi teman yang sedang liburan disini. Setelah masa pandemic, baru kali berkunjung kesini lagi, mengunjungi teman yang sedang berlibur. Hotel yang terletak di bukit memungkinkan pengunjung untuk menikmati pemandangan ;umum;positif
Hotelnya sangat bagus, nyaman kamar luar , sarapannya enak beragaman. Stafnya sangat ramah dan resepsionis helpfull banget. Ada free antar jemput bandara. ;kenyamanan,transportasi,pelayanan;positif
Pelayanan kurang baik, ac kamar tidak dingin nelpon resepsionis berulang2, cmn disuruh menunggu teknisi segera dtg, kami sdh keringatan angkat brg naik tangga, namun teknisi tidak kunjung dtg,  kurang puas dgn pelayanan dan fasilitasnya mungkin bisa diperbaiki agar memberi kepuasan dan kesan yg baik buat tamu. Tks;pelayanan,fasilitas;negatif
Terbaik saya sering antar tamu di hotel ini? Semoga bisa saling memberi penilaian yg sama ke pihak rental kami ;umum;positif
Lumayan;umum;positif
Sesekali wajib nginap di sini saat ke Luwuk. Lokasinya memang agak jauh dari pusat kota tapi terbayar dengan pelayanannya, variasi breakfastnya jg mantap, kamarnya mantaapp, ada pool dan gym jg. Pokoke mantaapp;pelayanan;positif
Kamarnya bagus dan bersih ... Pelayanannya baik ... Dan lokasinya strategis dapat langsung melihat keindahan kota Luwuk ...  ;fasilitas,kenyamanan;positif
Kamar tidur nya nyaman dan bersih,pelayanann nya ramah dan sopan;kenyamanan,fasilitas,pelayanan;positif
Bersih, hotel syariah, makan cukup baik, fasilitas  memadai, pokoknya mantap;fasilitas;positif
Family member must have id if stay here;umum;netral
Saya cek in tgl 23 dan cek out tgl 24, awalnya kami memutuskan utk memperpanjang kamar 1 hr lagi dg promo qris mandiri utk weekend, tp niat tsb kami urungkan krn jawaban dr receptionist kuota utk promo qris mandiri sdh penuh (kalo sdh penuh ;umum;netral
Dingin nyaman;kenyamanan;positif
Tempatnya bersih, dan harrganya murah. Dekat pelabuhan Pelni, dekat masjid. Sayangnya jalan dari jalan raya ke Losmen sempit, hanya untuk satu motor. Kamar mandinya bersih. Tapi pakai jam malam. Jam 11 tamu sudah harus pulang.  Harganya mulai 50 ribu.;fasilitas,biaya;positif
Terima kasih;umum;positif
Pelayanan terbaik, petugas-petugasnya ramah, lokasi strategis, tempat parkir lebih luas dan akses bandara dekat. Sayangnya sering mati lampu,, mungkin pas waktu nginap itu saja ada masalah ;pelayanan,fasilitas;positif
Kali ini datang ke sini karena acara. Tapi service yg luar biasa tatanan hotel yang menyejukkan. Masuk lobby aja sdh banyak kenyamanan, viewnya yang indah menampilkan kota luwuk. Makanan lumayan enak juga..;kenyamanan,pelayanan;positif
Tempat yang sangat cocok untuk nginap, healing, dan bisnis serta untuk mengadakan paket meeting, pelatihan yang sangat nyaman dan elegan fi Kota Luwuk.....;kenyamanan;positif
Hotel yang bersih, petugas ramah, menu sarapannya luar biasa, minusnya wifi kamar mati;fasilitas,pelayanan;positif
Sering antar tamu buat menginap d sini..kamar bersih dan luar.. ;fasilitas;positif
Bangunan masih baru dan lumayan murah, namun tempat terletak di lorong, mobil tidak bisa sampai di halaman losmen.;biaya;positif
Nomer tlp resepsionis 0822-2345-6732..Tempat nya bersih, murah pelayanan nya bagus.. Hrga kamar yg paling murah 50 ribu fasilitas kasur spring bed, kipas angin dan wifi.. Dekat sekali dngn pelabuhan rakyat cukup berjalan skitar 30 meter sdh smpai penginapan..;fasilitas,biaya,pelayanan;positif
Bersih,nyaman ,dan  aman  cmn Depe kariawan nya. Kurang   profesional dalam bekerja ...;fasilitas,kenyamanan;positif
Tempatnya bersih, dan nyaman.. harga sewa nya juga terjangkau..;fasilitas,kenyamanan,biaya;positif
Sangat recommended untuk tempat menginap bersama keluarga  ;umum;positif
mohon utk alamatnya di google maps disertakan dengan nomor hp yang aktif  ;umum;netral
Bagus;umum;positif
Terima kasih;umum;positif
Hotel dengan tempat yang dekat dengan bandara. Disediakan pengantaran ke bandara. GRATIS.. Kamar tidak terlalu luas (tipe standard). Menu sarapannya mantap, banyak pilihan. View laut  Ada pool, tempat parkir luas, oke deh.. ;transportasi,fasilitas;positif
Saya kasih bintang 5 untuk keramahan staff hotel Sedikit sharing Saya 3 kali order ayam sambal bawang ;pelayanan;positif
Lokasi dekat sekali dari pantai Kilo 5. Tinggal naik saja ke seberangnya. Viewnya cakep, laut. Akses jalannya menanjak ya. Hati-hati berkendara. Jalan kaki lumayan capek saat nanjaknya. Fasilitas standar Santika. Pelayanan juga standar ;umum;netral
Nice people working at the hotel. Friendly staff. Excellent breakfast with a lot of choices. Nice beds and clean swimming pool. Amazing view. 4 km of the centre. Free shuttle service. Good yoga spot at the swimming pool. Good mocktails.;pelayanan,kenyamanan,fasilitas,transportasi;positif
Sangat suka menginap di sini. Hospitality nya ga diragukan lagi. Mulai dr kamar, pelayanan, fasilitas dan restaurannya mantap. Makanannya enak, permintaan terpenuhi, kamar bersih, pelayanan ramah. Semoga bisa staycation di sini lg;pelayanan,fasilitas;positif
Tempatnya oke, view mantap. Tersedia kolam renang anak dan dewasa. Sarapannya asli enak dan viewnya oke punya. Jadi sarapan jadi lebih mantul. Pelayanan juga ramah, tidak kaku. Kamar juga bagus bersih dan nyaman. Lokasi juga dekat kota. Recomended sih..;kenyamanan,kebersihan,fasilitas;positif
Santika makanannya paling enak di banding beberapa hotel di luwuk. Dibandingkan pesaingnya sw**s b*l di sini lebih enak sarapannya. Pemandangannya juga oke menghadap ke pantai. Utk kamar dan servixe nya juga baik. Tarifnya bahkan kdg lebih murah  sy sering menginap di sini ;fasilitas,biaya,pelayanan;positif
Breakfast ok, ada pengantaran shuttle mobil dari hotel ke bandara, view laut bags, Waktu check-in kondisi toilet aroma tdk sedap kloset tertutup ada puntung rokok dan urine belum terbilas;kebersihan;negatif
Satu hal yg sy nilai sangat buruk adalah rasa dan kualitas makanan sarapannya. Kamar standar hotel bintang tiga yg bergaya minimalis dan berukuran cukup luas dgn harga yg terjangkau. Dekat dgn jalan raya utama dan memiliki pemandangan ke arah laut yg cukup memukau. Jarang ada warung makan atau resto di sekitar hotel.;fasilitas;netral
Pertama masuk. Tisu toilet dan tisu yg d kamar udah mau habis (blm d Refill lagi). Pelayanan di resepsionis agak lamban. Tp pelayannya ramah2 dan makanan enak2;pelayanan,fasilitas;negatif
Fasilitas oke untuk makanannya luamayan enak kondisi kamar terlihat modern, namun untuk internet nya sedikit lambat overall good  ;fasilitas;positif
Tempatnya Keren, bersih, nyaman, pemandangan dari hotelnya menurut saya pas sekali, dengan letak hotel yang dibangun di dataran tinggi dari hotel kita bisa melihat ramainya perkotaan Luwuk terutama pemandangan malamnya perkotaan Luwuk ;fasilitas,kenyamanan;positif
Profesional Hotel...few??jgn tanya lagi..paling trbaik dari semua hotel di kota luwuk..hotel yg langsung brhadap dg pmandangan yg sangat indah di segala sisi kota luwuk yg mempesona ...pelayanan makanan minuman para tamu di jamu dg ramah ;pelayanan;positif
The hotel provide a great view to the city of Luwuk, especially at night. There is also swimming pool down there where your kids love to play. I have to say the Santika hotel Luwuk is one of the big three for the best hotel in the city.;fasilitas;positif
Hotel yg berada di lereng bukit Kabupaten Luwuk Banggai dengan pemandangan laut yang jernih. Hotel dituju Dari Bandara hanya 15 menit.;transportasi;positif
Untuk bed room, meeting room dan restaurant, dari segi harga baik, pelayanan sangat baik, fasilitas dan kenyamanan juga terjamin. Para pelayan hotel sangat ramah.;fasilitas,pelayanan,biaya;positif
Pertama kalinya saya pergi ke Luwuk. Hotel yg sangat indah dengan pemandangan laut yang keren. Thanks for your hospitality;pelayanan;positif
Kren bangat lokasinya viewnya ke laut. Klw ksni hrus boking kmar view laut yah biar pagi2 bka gorden wowww...... disambut sunrise.;umum;positif
Rekomendasi ,Bersih,Memuaskan Bisa melihat kota luwuk dari dalam kamar Apalagi sarapannya bebas pilih n makan apa aja;fasilitas,kenyamanan;positif
Hotel dikota luwuk dengan fasilitas meeting room dan kolam renang. View menghadap teluk toili sangat indah;kenyamanan;positif
Layanan sales Marketingnya kurang bagus, Susah di temui, pas ketemu tidak sesuai dengan apa yg di inginkan ;umum;negatif
Rekomended,,, fasilitasx mantap,,,viewx woww. yg mau liburan keluarga ayo segera boking. ;fasilitas;positif
Kamar yang bagus. Suasana dan viewnya dahsyat. Anak saya suka sekali berenang disini.;fasilitas,kenyamanan;positif
Viunya baik untuk para pelancong dlm dan luar negeri... Juga menyediakan berbagain fasilitas bagi para pengunjung;fasilitas;positif
Hotelnya sangat representatif berada di Tengah Kota dekat dengan masjid agung, pelabuhan jalan kaki pun bisa. Tempat makan banyak di sekitarnya. Hotelnya bersih cukup luas, syariah ada penunjuk arah sholat dan sajadah. AC ;transportasi,fasilitas,kebersihan;positif
Suasana hotel nyaman aman dan bersih, membuat perasaan lega dengan fasilitas kerapian tiap tiap kamarnya. Semua karyawan hotel sopan dan baik baik;kenyamanan,fasilitas,pelayanan;positif
Hotel yang recommended bila berada di Luwuk.. kamar sih so-so ya.. kebanyakan nggak pake air panas.. tetapi sarapannya ok.. overall buat yg singgah perjalanan ok aja.. lokasinya strategis di tengah kota, dekat pelabuhan maupun pasar.. di sekitar juga banyak tempat makan..;umum;positif
Kamar enak dan nyaman, layanannya cepat, namun lokasinya kurang mendukung krn terletak di pinggir jalan ramai;kenyamanan,pelayanan;positif
ini hotel kecil tapi layanan dan fasilitas setara bintang 5, free breakfast lagi. view nya mantab..pelayannya baik dan ramah;fasilitas,pelayanan;positif
Pelayanannya ramah dimanapun, kamarnya bersih, toiletnya bersih, restorannya bersih, dapat sarapan pagi, ada layanan pengantaran mobil ke bandara, tempat parkir ada;pelayanan,fasilitas;positif
Tempatnya sangat recomended, ditengah Kota, hotelnya bersih, nyaman dan pelayanannya baik..  ;fasilitas,kenyamanan,pelayanan;positif
Hotel cukup bersih, pelayanan ramah, dekat keberbagai tempat lokasi.;fasilitas,pelayanan;positif
Kamar type superior tidak ada air panasnya. Terima kasih.;fasilitas;negatif
Tempat yang Nyaman.. pelayanannya Memuaskan.. karyawan Ramah.. dan Makanannya Benar2 Pas dikantong  ;kenyamanan,pelayanan,biaya;positif
Hotel mantap dgn view lautan, malamnya dihiasi gemerlap lampu2 di pinggir pantai.;umum;positif
Tempaatt yg asyhiikk ..enak nyaman ..pelayanan super baikk..thebestt pokoknya ..smuanya murah senyum bikin nyaman senyaman mgkin ..makanannya juga enak murah meriah ..super the bestt pokoknya ..;pelayanan,biaya,kenyamanan;positif
Hotelnya bersih, staffnya ramah dan cekatan, dekat pusat kota, tempat kongkow2, juga jalan2;fasilitas,pelayanan;positif
Orang mau dtg ke kmar teman di larang, pdahal kita suami istri yg datang. Aturan yg Hotel lebay!;umum;negatif
Kamarnya bersih, overall servicenya okay  ;fasilitas,pelayanan;positif
Hotel dengan embel-embel syariah ini paling top di kota, pelayanan sigap, bersih;pelayanan,fasilitas;positif
Anda harus reservasi terlebih dahulu karena kamarnya selalu penuh.;umum;netral
Lokasi strategis ditengah kota luwuk klo cm makan nongkrong ATM dket smua;umum;positif
Kamar luas dan bersih, kamar mandi bersih, dekat kota;fasilitas;positif
Kamar luas, air panas ada;fasilitas;positif
Lokasi strategis, harga cukup ekonomis;biaya;positif
Bagus buat menginap disini;umum;positif
Lokasinya di bukit. Ketinggiannya lumayan. Viewnya bagus banget. Laut. Sudut pandangnya luas. Harganya ramah di kantong. Shuttle service luar biasa karena on time, ramah, dan bahkan bersedia mengantar ke tempat jualan souvenir khas Luwuk ;biaya,transportasi,pelayanan;positif
Makanan pestanya kurang enak, untuk layanannya parah masah katanya kursi di tambah 50 SD 100 tapi ngk ada bukti kursi. Jujur dong saya sering dapatkan beberapa hotel ngk jujur. ;umum;negatif
Fasilitas kamar oke, restoran oke. Pemandangan dari kamar hotel langsung ke arah pantai sangat menyejukkan. Di halaman hotel ada ayam peliharaan, cukup mwnghibur seperti di suasana pedesaan. Sebelah kiri hotel juga masih hutan, sehingga ;fasilitas;positif
Hotel estrella berlokasikan di daerah yang sekitarannya juga ada hotel yang setipe. Kesan pertama pelayanannya ramah. Waktu pertama booked kamar, kamar yang di dapat agak lembap dan baunya lembap sekali akhirnya kita minta tuker kamar ;fasilitas;negatif
Bayar denda 1 juta karena handuk, padahal sejak awal sy check in memang tidak ada handuk, salah sy juga tidak langsung melapor karna sy jarang menginap di hotel, jadi sy rasa ini perkara sepele, ternyata pas check out malah jadi persoalan, ;umum;negatif
Hotel Nyaman dan harga murah. Proses Check in cepat dan proses extend pun mudah. Laundry bersih dan cepat. Setiap hari kamar di bersihkan. Pilihan breakfast agak monoton but so far so good. English breakfast maupun Ala Indonesia tersedia.;kenyamanan,biaya,fasilitas;positif
Saya pernah menginap di sini dan disayangkan sekali pelayanannya sangat kurang. Dulu katanya manage by aston mungkin karna sdh tidak kerjasama, service nya jadi buruk. Sy meminta tambahan handuk di kamar sampai 1/2 hari tidak diantar entah ;pelayanan;negatif
Service level has gone down. Not much focus from the management.  This is my second visit and during the height of pandemic this property managed well. Very nice scenery and well positioned. ;pelayanan;negatif
It is located uphill with a spacious area. Some rooms has sea view but unfortunately the roof distract the view from top. I like how they setup the sofas at the lobby and the hall and there is an outdoor meeting room that show the beauatiful sea down there.;fasilitas;positif
this hotel is located on a hill that has a view to the sea and the city downhill directly. The view from restaurant was spectacular, especislly on a clear night. room is so clean, compact, and tidy, completed with tv, Internet, hot water, etc. hotel design is a bit unconventional, assymmetric and its awesome. love to stay here.;fasilitas;positif
View hotel nya : 9/10 Kamarnya : 7/10 Makanannya : 6/10 ;umum;netral
Cocok utk berlibur dan kegiatan Krn memadai fasilitas, hanya blm terdapat fasilitas angkutan umum (taxi) yg tersedia;fasilitas;positif
Pesan suki yaki, daging nya sdh mulai bau mendekati basi, saus teriyaki asin seperti kecap asin dikasih gula;pelayanan;negatif
Hotel dengan pemandangan laut yg menyejukkan. Terdapat kolam renang dan ballroom yg cukup luas. Hanya saja kunci pintu kamar sulit dibuka dan shower mandi rusak..;fasilitas;netral
Sepu2 saya bikin pesta wedyngnya disitu,tapi makanannya yg di suguhkan ada yg sudah basi,pelayanannya jg sangat mengecewakan.;pelayanan;negatif
Estrella a portuguese word means stars in English. Blm pernah nginep cuman kesini waktu ada event. Nanti saya review ulang klo ada kesempatan staycation disini;umum;netral
Tempatnya menyenangkan buat berlibur bersama keluarga , teman2 Harganya terjangkau Makanannya enak2 pula Kereen deh t4nya , viewnya jg bagus;kenyamanan,biaya;positif
Fasilitas lengkap,kamar luas ada terasnya dan cocok buat yang mau honeymoon,atau buat kegiatan. Hotelnya bersih rapi pokoknya is the best  tapi masih ada staf yang tidak menggunakan masker ;fasilitas;positif
Suasana sangat nyaman,viewnya sangat indah.Such a good place to stay.;kenyamanan;positif
Salah satu hotel di tepian bukit dengan view laut serta kota Luwuk.  + Ada view hamparan lautan dan juga kota Luwuk + Kamar sudah baik dan nyaman;fasilitas;positif
Hotel bersih, pelayanan ramah, lokasi strategis karena dekat t4 tujuan saya  ;fasilitas,pelayanan;positif
Kamarnya bersih Luas Tempatnya strategis ;fasilitas;positif
Clean and cozy room for a business trip. Affordable price. Nice and humble staff. Recommended hotel.;fasilitas,biaya,pelayanan;positif
Pelayanannya kurang memuaskan, WiFi nya tidak mendukung;pelayanan,fasilitas;negatif
Kamarnya bersih, lokasi tenang.;fasilitas;positif
Tempat strategis, kamar luas;fasilitas;positif
Cat cat sdh tekelupas.... Rawat trs tamu spy nyaman;fasilitas;negatif
Hotelnya bagus dan bersih;fasilitas;positif
Kamar lt 1 lembab dan bau;fasilitas;negatif
Mantap pelayanannya;pelayanan;positif
Ramah, bersih mantap;fasilitas,pelayanan;positif
Hotel redoors, harga terjangkau;biaya;positif
Bagus;umum;positif
Layak untuk menginap;umum;positif
Waw;umum;positif
Tempatnya bersih, murah dan banyak pilihan kamar, tidak melayani sarapan. Agak sulit mencari lokasi karena agak tersembunyi dalam lorong-terutama bagi pendatang baru disaat malam hari;fasilitas;positif
Bersih;fasilitas;positif
aku suka itu,,,hmm,,;umum;positif
Bagus;umum;positif
I spent 6 nights here. The room is clean. I got new towel everyday.  They serve breakfast, lunch and dinner with various menu. Some of them are ;fasilitas;positif
Pemandangan yang menakjubkan, dari kamar bisa liat sunset yg berasal dari laut.. Makanan variasinya banyak, petugas nya Soo helping n ramah.. Recommended hotel n will be back soon klo ke Luwuk lagi..;fasilitas,pelayanan;positif
Kamar dan pelayanan oke, harga sesuai dengan pelayanan dan fasilitas.. Wifi, TV, kamar luas, jendela lebar, pencahayaan bagus.. Parkiran luas, lokasi agak naik ke bukit sehingga dapat view laut juga.. ;fasilitas,pelayanan,biaya;positif
Tempatnya bersih, interiornya cantik, pelayanannya ramah, posisi hotel di ketinggian jadi bisa melihat pemandangan kearah laut luwuk, dekat dari kilo lima yang terkenal tempat wisata pantainya di luwuk, fasilitas kolam renang, lobby luas, ;fasilitas,pelayanan;positif
Hotel dengan fasilitas cukup lengkap. Pemandangannya bagus. Pelayanan nya sangat baik dan cepat. Kamarnya bersih dan fasilitas nya tidak ada masalah. Tersedia fasilitas antar jemput pelabuhan dan bandara for free.;fasilitas,pelayanan,transportasi;positif
Hotel yang bagus secara fasilitas dan kenyamanan. Yang patut di apresiasi hotel memberikan free complimentary air mineral lebih dari 2 botol per hari. ;fasilitas,kenyamanan;positif
Hotelnya nyaman, pelayanan profesional, pemandangan yg indah,  memiliki kolam renang, fasilitas kamar bagus, wifi ok, menu makanan banyak pilihan;kenyamanan,pelayanan,fasilitas;positif
Salah satu hotel terbaik di daerah Luwuk, Banggai. Pelayanan dan fasilitas sangat baik, dan viewnya bener2 terbaik sihh, langsung menghadap ke laut.. Jossss!!!;pelayanan,fasilitas;positif
Hotel ini tdk besar namun cukup nyaman sebenarnya. Mungkin karena bukan hotel baru, kamar yg kutempati flusher wc-nya tidak berfungsi baik sehingga harus menahan diri untuk buang air disitu. Sarapan pagi bervariasi mulai dari beberapa jenis ;kenyamanan;positif
Slh satu hotel budget yg bersih. Pelayanannya lumayan. Bisa antar jemput bandara gratis. Kekurangannya tidak tersedia makanan diluar breakfast;biaya,fasilitas,pelayanan;positif
Tempatnya nyaman, sarapan lumayan variasi Hanya kalo lantai atas lumayan naik tangga tidak ada lift Kamar dekat jalan lumayan berisik, tidak ada peredam Overall worth it;kenyamanan;positif
Hotel kota di Luwuk ini Sangat Recommended, pelayanan baik, kamar bersih, nyaman, plus skrng ada pelayanan antar jemput dari dan ke bandara ;pelayanan,fasilitas,kenyamanan;positif
Tempatnya bagus, pelayanannya juga bagus dan sopan sopan mereka dalam melayani tamu dan kamarnya bersih;fasilitas,pelayanan;positif
the real syariah HOTEL, bener hotel yg nyaman, berkelas. terserah bintang brp status ny, tapi pelayanan laksana  ;kenyamanan;positif
Locates near to the bay and food court in the city centre. Cozy ambience and friendly staffs. One minus point is the absence of elevator;kenyamanan,pelayanan;positif
"Aman, nyaman &amp; strategis krn dekat dgn penjual ikan bakar yg enak sekali...";kenyamanan;positif
Hotel budget yang sangat nyaman dan berada di pusat kota Luwuk. Senang menginap di hotel ini.;biaya,kenyamanan;positif
Pegawai dan resepsionisnya ramah, kamar luas, bersih, nyaman;pelayanan,fasilitas,kenyamanan;positif
Nyaman, Syariah.. harga sesuai fasilitas..;kenyamanan,biaya;positif
Tempatnya luas. Fasilitasnya cukup lengkap. Cocok buat santai2. Makanan nya 3/5. Rasanya kurang. Variasinya lumayan. Kamarnya 5/5. Bersih, luasnya sesuai standar tipe kamar, ada minibar. ;fasilitas;positif
Membandingkan dengan Beberapa Review lain untuk hotel ini, Banyak beberapa improvement. CI CO ga smp 5 mnit, Air Panas AC on cukup, Amenities dan toiletries lengkap.. Menu Breakfast variatif, western, indonesian, traditional menu, bakery, bubur, aneka soup, selama 5malam menu tiap hari ganti, untuk rasa cukup.. Hospitality So So lah..;fasilitas;positif
Acara pernikahan keluarga dilakukan dihotel ini. Review saya sbb : 1. Ruangan pesta ok dan cukup dingin juga. 2. Makanan saat test food..cukup memuaskan .rasa dan jumlah juga ok..tetapi saat ;fasilitas;positif
Checkoutx lama udh 30mnt gk kelar2 mgkn dikirax kita gak ad urusan selain check out Refundx gak bisa trnsfer dan blm ada dana cash (gk msuk akal utk tdk diusahakan) ;pelayanan;negatif
Salah satu hotel terbaik di kota air Luwuk yang terletak di bukit halimun, memiliki view' laut dan kota air Luwuk, memiliki ruang pertemuan untuk rapat dan perkawinan yng berstandar nasional serta fasilitas lainnya dengan pelayanan yang baik dan profesional...layak dikunjungi dengan keluarga serta teman/sahabat.;fasilitas,pelayanan;positif
Pelayanannya bagus dan cepat Kamarnya luas ada balkonnya jadi bisa buat yg merokok Sarapannya lengkap ;pelayanan,fasilitas;positif
Sungguh pengalaman yang mengecewakan. Saya harus menghubungi sampai 4 kali hanya untuk meminta handuk yang belum tersedia di kamar. Sudah saya tunggu di kamar sejak check in jam setengah 2 sampai jam 5 tidak kunjung datang petugasnya. ;pelayanan;negatif
High class standart... Nice...  ;umum;positif
Langganan sewaktu mengerjakan proyek dongggi senoro cpp gas plant...awalnya dulu aston luwuk kemudian berganti estrella...but overall yang saya suka dari hotel ini view nya juara...lepas pantai kilo 5...dan kamarnya super luassss;fasilitas;positif
Kurangn nyaman dengan metode pembayarannya tidak boleh di akhir kita check out harus di awal check in jika menginap 3 hari kita wajib melakukan pembayaran di awal sekaligus atau tiap malam akan di telfonin dan di tagih;kenyamanan,pelayanan;negatif
Good.. makan paginya enak dan  bervariasi di banding hotel tetangga.... hanya saja beberapa kali menginap di sni dpt kmr Ac nya kurang dingin..;fasilitas;netral
nginap di estrella, merupakan pengalaman yg menyenangkan... makanannya enak.... kamar yg cukup luas, suasana mnyenangkan, sejuk dan banyak spot u/ take picture nya.. semoga bisa kesini lagi dehhh...;fasilitas;positif
Saya di kamar 207 (luasnya 20m2), selama 5 hari 4 malam, dan saya puas, ramah para stafnya, senyum, yg utama bersih, dan kamar dingin. Adem nyaman. ;fasilitas,kenyamanan,pelayanan;positif
Kamarnya bersih dan fasilitasnya lengkap : AC, TV, Breakfast, Air Panas, WIFI. Recommended untuk yang cari hotel dengan harga terjangkau dan fasilitas lengkap.;fasilitas;positif
Lumayan bersih, nyaman, dan enak sarapan nya. Tapi tidak dapat sikat gigi.;fasilitas,kenyamanan;positif
Lumayan sih, hanya Akses ke lantai 3 hanya lewat tangga saja,, trus pengaman tangganya kurang.;fasilitas;negatif
Aplikasi yang sangat luar biasa, saya sangat terbantu dengan aplikasi ini dalam melaksanakan pekerjaan saya... Trimakasih banyak para jenius;umum;positif
Lumayan nyaman, pelayanan ramah, dekat dengan tempat perbelanjaan;kenyamanan,pelayanan;positif
bersih, harga oke, dan lokasi strategis fi tengah kota luwuk;fasilitas,biaya;positif
Lumayan bagus, bersih dan rapi. Recommended untuk tempat ini  ;fasilitas;positif
Dekat pusat kota, kamar bersih cuma jaringan Wi-Fi jelek;fasilitas;positif
Membantu kita untuk menemukan tempat yang baik untuk menginap;fasilitas;positif
Bagus, hotelnya masih baru;fasilitas;positif
Sangat cepat respon;umum;positif
Hotel nya bersih dan nyaman;fasilitas;positif
Pelayanannya baik.;pelayanan;positif
Tdk punya musollah;fasilitass;negatif
Memuaskan;umum;positif
tempa tingal bosku;umum;netral
Asri....sejuk....segerr;kenyamanan;positif
Good...;umum;positif
jelek;umum;negatif
Lumayan;umum;positif
Nyaman;kenyamanan;positif
Mantap;umum;positif
Good;umum;positif
Bagus..;umum;positif
Menyenangkan memilih hotel ini, meskipun agak jauh dari hiruk pikuk kota utama luwuk tapi setidaknya hotel ini memberikan kesejukan pemandangan kota dan pantai luwuk. Pelayanan ramah merupakan nilai plus dari pegawai pegawai lokal hotel ;kenyamanan,pelayanan;positif
Hotel Santika Luwuk, Hotel yang sangat nyaman dengan view yang indah menghadapnke arah laut, layanan kamar sangat baik fasilitas air panas, tv, ac semuanya ok. Kolam renang tersedia setiap saat dengan sajian view yang mantap. Pelayanaannya ;kenyamanan,fasilitas,pelayanan;positif
Hotel santika luwuk, merupakan salah satu hotel baru yang cukup baru dikota luwuk. Hotel ini terletak di Dataran tinggi dengan suasana yang nyaman dan tenang. Hotel ini sangat cocok untuk teman-teman yang menyukai suasana tenang.  Hotel ini ;kenyamanan;positif
Bagus dan mewah dalamnya.....dari luarnya terlihat gagah dan berdiri megah di lereng bukit di atas kota Luwuk, Kabupaten Banggai. Semua terlihat sangat baik dan nyaman kecuali kamar mandi tempat ku menginap 2 malam, drainasenya jelek, air ;kenyamanan,fasilitas;positif
Tempat ini sangat baik, pelayanannya, kamarnya dan viewnya. Ballroomnya juga paling baik untuk buat kegiatan, hanya makanannya kadang agak kurang pas untuk ukuran lidahku. Jangan mengiyakan kalo belum rasa sendiri, bisa jadi memang seleraku yang ndeso hehe...;fasilitas,pelayanan;positif
Tgl 12 Desember 2019 saya menginap di hotel ini. Saya ketinggalan charger ori samsung note 8. Setelah sekitar 5 jam check-out saya telpon hotel, katanya charger sdh tidak ada. Padahal saya pastikan bahwa charger tertinggal di kamar hotel tsb...;pelayanan;negatif
*Bersih. *pelayanannya oke biar dimusim covid tetap pelayanannya sama seperti sebelumnya dibandingkan hotel lain mereka tdk melayani dgn baik. *makanannya oke. Mantap soal rasanya.;fasilitas,pelayanan;positif
Bagus, bersih, kamar nya luas n'dekat dgn kuliner dan pusat perbelanjaa. Dekat pelabuhan n'sllu rujukan menginap bagi yg berasal dr kota Salakan. Syang nya tdk ada lift tersedia;fasilitas;positif
Hotel ini pelayanannya mantap banget, sarapan sangat ontime (tapi menunya lain kali jangan pedes-pedes yaa), fasilitasnya sangat berkelas. Hotelnya juga ada free wifinya, cepat betul kecepatan internetnya. ;pelayanan;positif
Hotel Kota terletak di Pusat Kota luwuk, anda bIsa menikmati kuliner khas kota luwuk seperti ikan bakar, kondro dan menikmati Indahnya kota luwuk dimalam hari. ;fasilitas;positif
Baru pertama kali menginap d hotel ini, pelayananx sangat baik, karyawanx ramah2, kamarx bersih, dlm kamar d siapkan sajadah untuk sholat. Yg pasti top deh, klo ke  luwuk pingin nginap d sini lagi.;pelayanan,fasilitas;positif
Pelayanan sangat memuaskan. Kamar sangat bersih dan rapi. Makanan cocok di lidah. Pokoknya Alhamdulilah terbaik..;pelayanan,fasilitas;positif
Hotel yang mantap. Paling recommended di Luwuk. Ini Hotel yang sangat bagus kamarnya. Benar-benar bersih. PSK dan Pria Hidung Belang Dilarang Masuk.;fasilitas;positif
Hotel nya bersih , pelayanannya ramah. Cukup strategis dekat dengan pusat belanja.;fasilitas,pelayanan;positif
"Tempat nya enak dekat jalan ada pohon ;teduh saat panas  ";fasilitas;positif
Tempatnya strategis, kamarnya bersih, dan harganya, terjangkau;fasilitas,biaya;positif
Untuk fasilitas dalam kamar sangat bagus, hanya saja wifi di sekitaran kamar wing 4 tidak bekerja dengan baik seperti halnya tidak ada saja. Trus untuk viewnya sih masih agak kurang dapat klo kamar bagian bawah berbeda mungkin dg kamar ;fasilitas;positif
Lokasi bagus dengan pemandangan laut yang cantik. Bangunan mewah dan bersih dengan fasilitas yang mencukupi. Ruang konferensi cukup luas namun musala terbatas. Kamar yang disediakan baik ;fasilitas;positif
Fasilitas sudah cukup memadai... Pelayanan nya yang sebaiknya ditingkatkan... Sebagai contoh pengalaman saya bersama istri pada jam Sarapan, Menu nya habis ludes semua nanti setengah jam kemudian baru menunya ada lagi tapi keburu sudah sarapan...;fasilitas,pelayanan;netral
View-nya sangat bagus dan layanannya jg bagus... Yg perlu d perbaiki taman d seputaran hotel sangat tidak terawat seperti SDH lama tidak disentuh manusia...kucing berkeliaran d resto jadi tidak nyaman saat makan karena kucing sdh brani naik d meja tempat kita makan.;pelayanan,fasilitas;netral
Pelayanannya kurang friendly, booking buat antar ke bandara dari jam 9 bilang akan diantar jam 3 (pesawat jam setengah 5) malah udah ditinggal karena alesan jam set 2 udah jalan. Lah gimana? Kayaknya mba2 resepsionis yg di depan perlu ;pelayanan;negatif
Makanan nya enak,pelayanan prima, view kamar yang menghadap laut nya keren walaupun lokasi jauh dari keramaian, overall salah satu hotel terbaik di kota Luwuk;umum;positif
Dekat dgn bandara pelayanan maksimal murah....dkt dgn prkantoran....tdk trjebak macet.....karyawannya ramah2.....tmpt metting aman nyaman luas lg....ayooo ke hotel estrella sekarng bw kluarga...rekan kerja pacar....maleo conference center ;pelayanan;positif
Hotel lumayan bersih, cuma kemarin kebagian handuk yg bau kayak udah lama gak di pake, menu sarapan nasi kotak tidak include minum kecepatan internet lemot. Staf ramah, menyediakan cuci laundry dan sewa motor juga.;fasilitas,pelayanan;positif
Sangat baik pelayanan nya, fasilitas yg nyaman...saran kami agar beberapa kmr yg kunci dan air di kamar mandi msh rusak agar dapat segera di perbaiki... selebih nya kami ucapkan terima kasih.....;pelayanan,fasilitas;positif
Tempat bersih dan nyaman, hanya saja sinyal kurang bagus, tp tenang untuk pengguna internet ada free wifi kok..;fasilitas;positif
Tempatnya enak, pelayanannya ramah, kamarnya lega, wifinya agak lemotz, air panas gak nyala trus gak ada tempat sampah di kamar.;fasilitas,pelayanan,kenyamanan;positif
Mantap Hotelnya. Tapi pas waktu ke sana, ada wanita jalangnya yang duduk-duduk di depan lobi. Mencari tamu pria hidung belang.;umum;netral
Gak ada liftnya sih tapi bagus buat olahraga ringan;fasilitas;netral
Nyaman danterjangkau, Untuk pasilitas suda lebih dari apa yg di butuhkan;kenyamanan,fasilitas,biaya;positif
"Quiet Satisfaction.. But the Free Wi-Fi is so Bad. I couldn't Updated or Download anything..!! &gt;_&lt;'";umum;positif
fasilitas oke cuma gak ada tempat sampah di kamar.;fasilitas;netral
Tempat nya bagus tapi fasilitasnya agak sedikit kurang;fasilitas;netral
Recommend for budget hotel. Clean, cheap and crew friendly.;biaya,pelayanan,fasilitas;positif
Red dors sangat memungkinkan,diskon banyak;umum;positif
Hotel nya enak , masih baru;fasilitas;positif
hotelnya baru...nyaman;kenyamanan;positif
WiFi lemot parah;fasilitas;negatif
I like;umum;positif
Berih harum;fasilitas;positif
Ok;umum;positif
"Over all sangat memuaskan dan fasilitas baik. Kamar nyaman, TV, lemari, lemari pendingin, tempat tidur dkk bersih dan nyaman, kamar mandinya bersih dan tersedia hairdryer ; sabun dkk juga lengkap dan ok. ";fasilitas;positif
Terima kasih mendapatkan free upgrade.  Kamar dengan view yang bagus, city, laut dan pool.  Kamar luas, cuman fasilitas agak kurang.  Rain Shower perlu dibersihkan sehingga air bisa keluar, pada waktu kami menginap tidak bisa dipakai.  Free shuttle ke airport sangat membantu.;fasilitas;netral
Hotel ini secara infrastruktur masih di bawah standar grup Hotel Santika di tempat lain karena dibeli dari pengusaha lokal yang membangunnya sejak awal. Kelebihannya adalah pemandangan ke Selat Peling dan kota Luwuk dari kejauhan yang cukup ;fasilitas;netral
Saya mencoba all you can eat di sini dan rasanya cukup mengecewakan. Pertama, dari segi pelayanan sangat kurang. Di beberapa stan makanan tidak disediakan sendok, garpu, dan pisau sehingga saya harus jauh-jauh mengambilnya di tempat lain. ;pelayanan,fasilitas;negatif
Hotel santika luwuk ini pemandangannya bagus, menghadap laut. Untuk kamar yg view nya menghadap laut mempunyai harga wani lebih mahal dibandingkan dengan kamar reguler. Hotelnya bagus bersih dan harga nya juga wajar, apalagi kalau pesan secara online.;fasilitas,biaya;positif
Tempat yang nyaman, pelayanan yang sangat baik, terletak di tempat yang strategis untuk menikmati keindahan luwuk baik siang maupun di malam hari. Cita rasa makanan yang disajikan sangat baik. Pelayanan kamar juga memuaskan. Recomended lah buat tempat istirahat teman-teman yang akan hendak berkunjung ke luwuk;kenyamanan,pelayanan,fasilitas;positif
Hotel bagus.. Makanan enak, view T.O.P B.G.T. Pas sarapan pilih tetap duduk yg dekat kaca, bagua bgt view-nya. Untuk kamar, dr lantai 2 aja uda keliatan bagus bgt view lautnya. Mantap deh;fasilitas;positif
Hotel nya bagus ada di bukit Pemandanganya bagus banget dr rooftop nya Kamar bersih tenang dan damai ;fasilitas;positif
Hotel besar dan keren yg ada di luwuk, view lngsung mnghdap ke laut, apalgi klau malam wegilanggasehhh keren banget, udah kek di hongkong, bisa liat pemandangan yg keren kya gni, apa lgi posisi.a di bukit, sepanjang jln mnuju hotel lewat ;fasilitas;positif
Great outdoor view to the ocean , specially at night, near a big mosque , near Kilo 5 for simple snorkling, free transport from and to airport , friendly faces , thoughtfull room cleaning, great variety on breakfast menu, great taste and ;fasilitas,transportasi;positif
Ekspektasi tentang layanan di hotel ini tidak sesuai dengan realita yang saya alami, karena ternyata lebih baik. Tipe kamar yang saya pesan Deluxe, air panas, pemanas air untuk buat teh/kopi, wellcome drink, dll. Kalau berkunjung ke Luwuk lagi, selama budget belum naik (hehehe), pasti menginap ke sini lagi. Recommended.  ;fasilitas;positif
Kamar Luas dan fasilitas wokeeyyy untuk harga yg relatif murah. Sekitar hotel banyak tempat makan jadi posisi ny sangat strategis;fasilitas;positif
Suasananya nyaman, lokasi strategis, staf hotel ramah dan makanannya enak.. Pilihan tepat bagi perjalanan singkat kita di kota Luwuk;kenyamanan,pelayanan,fasilitas;positif
Hotelnya bagus bersih dan interiornya mantap....makanan nya enak...banyak menuhnya. Bagusnya lagi hotelnya terletak di tengah Kota sudah pas di namakan Hotel Kota.recomended ;fasilitas;positif
Nyaman segala yg kita butuh dekat dan mudah terjangkau,pelayanan hotel jg memuaskan...;kenyamanan,pelayanan;positif
Hotel sederhana dan murah meriah, bagi saya rekomended karena ukuran kamar yang luas dan lega serta mengusung konsep syariah.;fasilitas;positif
Air panas hanya 5 menit utk kamar deluxe. Pelayanan tidak ok, tidak sesuai dengan harga.;pelayanan,biaya;negatif
murah dibandingkan hotel sekitarnya, dengan ukuran kamar luas, letak strategis di tengah kota luwuk;biaya,fasilitas;positif
suka menginap disini kalau tugas ke Luwuk. Kamarnya bersih stafnya ramah. Harga kamar terjangkau. Kalau ke bandara dianterin;fasilitas,pelayanan,biaya,transportasi;positif
Kamar luasss, bersih, view bagus, staff ramah :)  Breakfast blm coba, besok baru rasa :9;fasilitas,pelayanan;positif
Hotel syariah yg pelayanan oke bgt kamar bagus luas bersih nyaman bgt pelayan ramah baik dan cekatan;pelayanan,fasilitas,kenyamanan;positif
Hotelnya bersih dan pelayanannya ramah serta kamarnya luas .. sarapannya juga enak  ;fasilitas,pelayanan;positif
Tempat bersih, pelayanan ramah, lokasi strategis dekat teluk sebagai pusat keramaian, rekomended banget;fasilitas,pelayanan;positif
RECOMMENDED. Kamar luas, bersih, fasilitas lengkap. Stafnya ramah. OK banget dah.;fasilitas,pelayanan;positif
Pelayanan memuaskan dan menyediakan genset untuk kondisi kota Luwuk yg sering mengalami pemadaman listrik giliran;pelayanan,fasilitas;positif
recommended utk yg ingin menginap namun ingin lokasi di pusat kota Luwuk, dari hotel ini semua lokasi di dalam kota Luwuk gampang di akses;transportasi;positif
"Kamar bersih ,pelayanannya bagus &amp; ramah sangat recommended ";fasilitas,pelayanan;positif
Kamar bersih, view nya kota luwuk waktu malam dan pantai;fasilitas;positif
Hotel di tengah kota,  dekat dengan luwuk mall. Tapi tidak ada lift, harus naik tangga.;transportasi;positif
Kalo boleh tau barapa harga kamar yg standar?;biaya;netral
Bintangnya disesuaikan dengan hotelnya Untuk suasana bagus untuk hotel ini terutama design kolam renang, resto, bar dan tempat makan outdoornya. Terlihat sejuk karna banyak pohon. ;kenyamanan,fasilitas;positif
Saya rasa saat ini Estrella meruapakan property hotel terbaik di luwuk banggai. Lokasinya sangat baik dengan posisi diatas bukit yang langsung menghadap ke Laut. Susunan kamarnya pun unik dengan mengarah lebih rendah ke bawah yang tentunya ;fasilitas;positif
Hotel yang nyaman dan tenang dengan desain modern yang menarik. Banyak tanaman yang membuat pemandangan asri dan menenangkan. Berada di sini pengunjung akan merasa senyaman rumah sendiri. Apalagi para petugas hotel begitu ramah dan supel ;kenyamanan,fasilitas,pelayanan;positif
Suka suka suka  pemandangannya bagus. bnyak area berfoto dan bermain. makanannya jga enak. pelayanannya ramah banget. nunggu buat check in blum smpai 5 menit duduk eh di bawain jus sama mbaknya *tau aja si mbak klw sya lagi haus . well overall dri skala 1 - 10 sya kasih 9.9 deh  (krna sempurna cma milik Tuhan) ;fasilitas;positif
Saya menginap disini 2 malam untuk perjalan bisnis. Pemandangan dari hotel yang terletak bi bukit  ini sangat indah. Terlihat laut dan  kota Luwuk. Kamar bersih dan luas, sayang untuk kamar standartnya tidak ada pemanas air. Breakfast enak. staff ramah.;fasilitas,pelayanan;positif
Pemandangan nya bagus bangett, kamar rapih bersih, Lokasi mudah dijangkau, Pelayanan Ramah, hanya makanan nya saja yang kurang bervariasi hehehee.. Overall.. lebih baik dr hotel sebelahnya yg pake nama negara :D;fasilitas,pelayanan;positif
Kamar nya sangat lembab sekali. Semua kamar tidak memiliki jendela. Harga standar mulai 200rb sampai 350 rb an. ;fasilitas;negatif
Lumayan untuk hotel budget di Luwuk. Lokasinya bersebelahan dengan hotel keraton. fasilitas lumayan, handuk perlu diganti dengan yang baru. Soal harga udah standar lah.;fasilitas,biaya;positif
For a budget hotel, Ghotel offers a clean, not too spacious, good TV and AC, hot and cold water, comfort bed, and helpfull staf. Otherwise, the bathroom is small with too high shower and wood-door. A glass or plastic door would be better ;biaya,fasilitas,pelayanan;positif
Harga standar tetapi sayang kamar dibawah sempit untuk sholat dan tidak ada petunjuk arah kiblat;biaya,fasilitas;netral
Kamarnya bagus, tapi kadang resepsionisnya kurang tanggap, sistem manajemen hotelnya kurang bagus dlm melayani pengunjung;fasilitas,pelayanan;netral
Very large room and nice decoration .... but for towel need more deep washing for become white bright  ;fasilitas;positif
Hotel pertama yg aku temukan , ada bantal guling nya ,.... Nyaman, bersih, Murah.;kenyamanan,fasilitas,biaya;positif
Hotelnya kurang menarik.. interior dan fasilitas kamar kurang ditata dengan baik..;fasilitas;negatif
I don't hate it but if you need more than just a bed in a relatively spacious room, you better consider going elsewhere.;fasilitas;negatif
Kalo boleh tau barapa depe harga kamar yg standar;biaya;netral
Bagus bersih lokasi di kota. Bisa sewa motor pegawainya.;fasilitas,pelayanan;positif
Tv tidak ada siaranya tdk ada lift;fasilitas;negatif
Kamar cukup bersih, pelayanan ramah;fasilitas,pelayanan;positif
"Pelayanannya cukup bagus &amp; tarifnya terjangkau";pelayanan,biaya;positif
Jaringan Wifii hotel yg kurang bagus;fasilitas;negatif
"Hotel dari depan keliatan tua &amp; tidak terawat";fasilitas;negatif
Lumayan bagus bersih dan terjangkau;fasilitas,biaya;positif
letaknya strategis dan Pelayanannya Ramah, terimakasih;pelayanan;positif
Suasana dan tempatnya bagus dan tenang;kenyamanan;positif
Harga tidak sesuai dengan service;biaya,pelayanan;negatif
Murah dan nyaman;biaya,kenyamanan;positif
Jaringan susah!!;fasilitas;negatif
Hotel Baru di Luwuk;umum;netral
Nice;umum;positif
The hotel can be easily accessed. It's very close to the beach and has an excellent beach view. You can also enjoy the view from the pool. The staffs are nice, polite and helpful. The food is okay for a remote place like Luwuk.;transportasi,pelayanan;positif
Hotel santika luwuk adalah salah satu hotel baru yang ada di kota luwuk. Dengan view yang cukul bagus memandang kearah kota luwuk dan bentangan laut yang luas. Hotel santuka luwuk bisa mejadi salah satu pilihan alternatif saat berlibur. ;fasilitas;positif
Hotel-nya bagus ada kolamnya terus kolamnya ada2 satu rendah satu tinggi harganya 75.000 per org dan free makan dan minum minum 1, makan 1 kalian sisa pilih makan=chiken wings/sandwich chiken. Minum=ice tea, leccy tea tinggal pilih minum1 dan makan 1 selamat datang dan bersenang-senang;fasilitas;positif
Jarak tempuh dari hotel santika ke pusat kota kurang lebih 20 menit,bisa dijangkau oleh pengendara sepeda motor ataupun kendaraan roda 4..view langsung menghadap ke laut dan bisa melihat langsung kerlap kerlip lampu yg ada dikota luwuk..;transportasi;positif
overall ok nginap 2 malam, cuma posisi diatas bukit kalau cari makan ke bawah bukit pulangnya lapar lagi, daerahnya sepi jauh dari keramaian, transportasi umum juga susah, akan lebih baik jika disediakan motor/sepeda free untuk pengunjung untuk keluar sekedar melihat2 kota luwuk atau berburu kuliner...;transportasi;negatif
Salah satu hotel bintang di Luwuk. Stafnya ramah (cari nama weldy untuk reservasi). Sarapannya pun enak. ;pelayanan;positif
Hotel bintang 3,berada di kompleks Bukit Halimun membuat hotel in memiliki pemandangan yang sangat indah menghadap langsung ke lautan sekaligus ke kota luwuk..dengan pelayanan yang ramah ala Indonesia,membuat betah berlama-lana berada di Hotel ini.;fasilitas,pelayanan;positif
Pemandangan Sangat Indah, Makanan enak Banget, loundry cepat bersih dan Harum, ;fasilitas;positif
tiga tahun lalu jalan2 ke luwuk menginap di santika, pemandangan teluknya manstafff. air lautnya jernih dan tidak asin ikan2 terlihat, pasir putihnya the best lah...sayang banyak yang tidak tahu ? apa karena penerbangan jarang.;fasilitas,pelayanan;positif
Hotel yang lumayan baru di Luwuk Banggai Sulawesi Tengah, tiba malam hari dengan memesan via traveloka, pelayanan front officenya cukup ramah namun masih dalam tahap training atau karena memang hotelnya baru jadi masih menyesuaikan sistem, ;pelayanan;positif
Hotel ini berlabel syariah. tamu dilarang masuk ke kamar dan tidak boleh bermalam dengan pasangan lawan jenis yg bukan muhrim. kerbersihan oke. service oke. ramah. ;fasilitas,pelayanan;positif
Hotelnya Ok, Pelayanan Ramah, Air Panas tidak lancar dan tidak menyediakan Penjemputan. Hotel tidak memiliki Lift hanya Tangga Biasa. Khusus Makanan Lumayan dan Bagi yang mau Buat acara Maximal 50 orang untuk ClassRoom dan tidak menyediakan alat tulis menulis.tx;pelayanan,fasilitas;netral
Hotelnya bersih, kamar luas, kamar mandi saya suka lantainya tdk licin, tanpa lift, air panas tidak ada, tidak boleh menerima tamu lawan jenis yg bukan mahrom, alhamdulillah syariah.. Letaknya dekat dengan pelabuhan, cocok buat transit. Dekat dgn masjid, pasar sentral, warung makan tinggal pilih.;fasilitas,transportasi;positif
Sudah bagus untuk standard hotel kelas melati, suasana kamar baik dan nyaman, air lancar dan ac jalan dg baik kekurangannya, kran air pancuran tuk mandi agak susah di tarik, saluran air panas tidak stabil saat bercampur dg air dingin sehingga agak susah mengukur kran saat mandi;fasilitas;positif
Untuk area luwuk lumayan kamar bersh dan luas.... akses dkat kmana2 ...1 arh jdi hrus muter dr jam kota luwuk ke arah toko maju blok kanan...dkat mesjid agung dan mall. ;fasilitas,transportasi;positif
Kamarnya sudah bagus cocok untuk tempat singgah. Sayangnya tidak ada lift jadi jika di lantai 3 kita harus turun lewat tangga. Dekat dengan pusat kota dan sangat nyaman;fasilitas,kenyamanan;positif
Bersih, nyaman, ramah, harga bersahabat, minus hot water aja buat mandi sama lift(kayaknya blm cocok jg kali pake lift gedungnya ya hehe);kenyamanan,fasilitas,pelayanan;positif
Wifi untuk lantai 3 tidak connect. Tidak ada lift, jadi kita harus naik tangga untuk sampai ke lantai 3. Air panasnya tidak berfungsi. Gambar di TV nya buram.;fasilitas;negatif
Hotelnya bersih, pelayanannya ramah, saya sekeluarga sangat senang nginap dsini;fasilitas,pelayanan;positif
Buat yang mau berencana plesiran ke Banggai, bisa coba nginep ke Hotel ini. Pelayanan ramah, sarapan enak, dan harga yang tidak terlalu mahal.;pelayanan,fasilitas,biaya;positif
Hotel baru yang bagus dan nyaman, menu sarapan perlu ditingkatkan. Gak ada air panas.;fasilitas;netral
Lokasinya dekat dengan banyak pilihan kuliner, harga terjangkau....pelayanan ramah baik;biaya,pelayanan;positif
Cukup nyaman tapi masih ada beberapa perbaikan. Tetapi secara keseluruhan cukup nyaman;fasilitas,kenyamanan;positif
Fasilitas hotel masih baru dengan pelayanan sangat ramah;fasilitas,pelayanan;positif
lokasi nyaman, dekat dengan masjid, dekat dengan warung yang menyediakan ikan bakar lezat, dekat bank;transportasi;positif
Hot water only available for suite room (they didnt inform me) and wi-fi were not working.;fasilitas;negatif
Tempatnya nyaman standar hotel......;kenyamanan;positif
Top 2 hotel in town. Recommend it. Hotel dengan view perbukitan dan teluk luwuk sering disebut little Hongkong. Kamar cukup bagus dan bersih serta luas. Lengkap dengan amenities standard hotel berbintang. Layanan staff cukup ramah dan bagus ;fasilitas,pelayanan;positif
This hotel used to be managed under a well-known chain hotel. Room type.consists of superior- a non smoking room with no.balcony, deluxe-much larger room with balcony facing to the backside.of the hotel,.and junior suite. The bar and ;fasilitas;netral
Hotel ini adalah hotel pertama di kota Luwuk yang menyajikan konsep modern, sebelumnya hotel ini bernama hotel Aston dan kemudian berubah nama menjadi Estrella, kenapa berubah mgkn sya tdk bisa menjelaskannya. Pemandangan di hotel ini ;fasilitas;netral
"Luwuk, selalu datang kesini bisa di bilang rutin juga setahun 2 kali, untuk hotel biasanya kita di Hotel K*ta gara"" penuh, akhirnya kita dipesankan GHotel, - Ghotel termasuk salah satu hotel baru di luwuk, ";umum;netral
Mantap, berada dijalur transportasi umum,  tarifnya terjangkau, fasilitasnya keren dan sarapannya enak. ;fasilitas,transportas,biaya;positif
hotel yang nyaman hanya saja tidak ada fasilitas lift  sehingga harus menaiki tangga untuk ke lantai 3 atau 4;kenyamanan;positif
Tempatnya lumayan dan harganya juga terjangkau. Paling suka mandi air panas dan wifi nya;biaya,fasilitas;positif
Good...harga standar gak sampe 300...cuma parkiranny kurang luas;biaya,fasilitas;positif
Tempat menginap pilihan di tengah kota Luwuk dengan harga yang tidak terlalu merobek kantong;biaya;positif
Kamarnya bersih dan nyaman, tp tempat parkirnya sempit;fasilitas,kenyamanan;positif
Lantai 3, tapi naik tangga itu beraaat.  Kamar gak ada jendela.;fasilitas;netral
Lokasinya di kota,  tenang,  pelayanannya bagus;fasilitas,pelayanan;positif
Hotel Baru, nyaman dan Murah di Luwuk;kenyamanan,biaya;positif
The upperdeck restaurant is still not in operation;fasilitas;negatif
Pelayanannya bagus;pelayanan;positif
No lift or escalator here;fasilitas;negatif
Fasilitas lumayan;fasilitas;positif
Sesuai harga;biaya;positif
Hotel murah dan bersih;biaya,fasilitas;positif
Clean for this budget hotel;fasilitas,biaya;positif
Bersih rapih;fasilitas;positif
Lumayan lah.;umum;positif
Cukup bagus;umum;positif
Mantab;umum;positif
Santai;umum;positif
Butu taksi;transportasi;negatif
Great hotel..;umum;positif
Hotel di tengah kota luwuk;umum;netral
Hotelnya cukup bersih, WiFi Lemot disemua lantai...dekat hotel banyak tempat makan..sebelum dikasih kunci kamar reception akan pesan tdk boleh ketemu perempuan di kamar (baguslah).;fasilitas;positif
Ruangan kamar bersih rapi, bangunan terawat hanya sempat melihat ada serangga di dalam toilet, belum ada lift. Secara keseluruhan hotelnya bagus;fasilitas;positif
Sarapan yang disediakan terbatas dan rasa nya biasa saja. Kamar cukup nyaman, hanya pembuangan air di kamar mandi sering tersumbat dan bisa banjir;fasilitas;netral
Hotelnya bagus, bersih, nyaman. Cm mungkin nginepnya pas lagi renovasi jd keganggu sama suara2 ketukan palu dll.. terus wifi sering hilang.;fasilitas,kenyamanan;positif
Hotel syariah pertama di Luwuk, tidak menyediakan kamar yang boleh merokok. Harga tidak terlalu mahal. Tidak jauh dari pusat keramaian. Overall secara pribadi saya senang dengan hotel ini.;fasilitas,biaya;positif
Hotel syariah, disediakan sajadah setiap kamar. Kamarnya nyaman. Hanya sarapannya saja yg terlalu minimalis;fasilitas,kenyamanan;positif
The best. Murah. Bersih. Ramah. Syari'ah lagi. Bersih dan nyaman. Rekomended buat semua yg berkunjung ke luwuk. Std 235rb. Deluxe 325rb dan suite 435rb. Ok banget;biaya,pelayanan,fasilitas,kenyamanan;positif
Hotelnya bagus, bersih, pelayannya ramah Dan lokasi nya strategis mudah dicari;fasilitas,pelayanan,kenyamanan;positif
Lokasi pinggir pantai, dekat bandara dan harga sangattt..bersahabat serta fasilitas memadai dan bersihh....manntaaappp;fasilitas,transportasi;positif
Nice Hotel. The breakfast is good and varied each day. Nice room, with a little view of beach.;fasilitas;positif
Hotel yang Lumayan, baru dan bersih.  pelayanan ramah;fasilitas,pelayanan;positif
Untuk yang kesekian kalinya disini.  Nyaman dan ramah tempat ini. Hanya cape naik turun tangga  ;kenyamanan,pelayanan;positif
Tidak bagus, pastikan pada saat membayar anda teliti kembali, sebab petugasnya tidak teliti.;pelayanan;negatif
Bersih hotelnya, tapi kamar mandi yg kmar standar terlalu sempit, sedangkan kamar yg deluxe terlalu luas,..sayang sekali waktu transit rate tidak flexible, harus jam 6 pagi sampai jam 3 sore;fasilitas;netral
Bersih dan Murah Lagi. Hotel Baru di Luwuk di lengkapi Ac,Televisi,free wifi, Breakfast. Harga mulai: Rp 250.000~ Rp350.000;biaya,fasilitas;positif
Oke lah;umum;positif
Bagus;umum;positif
Pertama Ke Luwuk, Hotel nyaman murah, deluxe 325, standart 250, extrabed pake springbed cuma75rb, kamar lumayan luas, rekomended hotel di Luwuk;biaya,fasilitas;positif
Hotelnya lumaya bagus,playanannya jg ok lah...;pelayanan;positif
